{"Reward": 239.0, "_timestamp": 1668187079.3359058, "_runtime": 3179.121162891388, "_step": 5001, "_wandb": {"runtime": 3178}}