{"Reward": 500.0, "_timestamp": 1668188670.5054164, "_runtime": 1563.4640004634857, "_step": 5001, "_wandb": {"runtime": 1563}}