{"Reward": 22.0, "_timestamp": 1668183856.5101688, "_runtime": 22.60153889656067, "_step": 219, "_wandb": {"runtime": 22}}