{"Reward": 25.0, "_timestamp": 1668188676.7875578, "_runtime": 2.627271890640259, "_step": 117, "_wandb": {"runtime": 2}}