{"Reward": 23.0, "_timestamp": 1668183880.77201, "_runtime": 6.970617055892944, "_step": 40, "_wandb": {"runtime": 6}}